"Según el REBT, ¿qué materiales pueden emplearse como conductores activos en las instalaciones interiores?","Cobre o aluminio, siempre aislados (correcta)",Cobre exclusivamente,Aluminio exclusivamente,Cualquier metal conductor,0,"ITC-BT-19, punto 2.2.1: los conductores serán de cobre o aluminio y siempre aislados.",ITC-BT-19
"Según el REBT, la caída de tensión máxima admisible en circuitos interiores de viviendas es:",3 % de la tensión nominal (correcta),5 % de la tensión nominal,"1,5 % de la tensión nominal",2 % de la tensión nominal,0,"ITC-BT-19, punto 2.2.2: para viviendas, la caída de tensión debe ser menor del 3 %.",ITC-BT-19
"Según el REBT, en instalaciones interiores industriales alimentadas desde un transformador propio, la caída de tensión máxima admisible para alumbrado es:","4,5 % (correcta)",3 %,5 %,"6,5 %",0,"ITC-BT-19, punto 2.2.2: caída de tensión admisible 4,5 % para alumbrado en este caso.",ITC-BT-19
"Según el REBT, ¿con qué color se identifica el conductor neutro?",Azul claro (correcta),Verde-amarillo,Marrón,Gris,0,"ITC-BT-19, punto 2.2.4: el conductor neutro debe identificarse por el color azul claro.",ITC-BT-19
"Según el REBT, el conductor de protección debe identificarse por el color:",Verde-amarillo (correcta),Azul claro,Marrón o negro,Gris,0,"ITC-BT-19, punto 2.2.4: el conductor de protección se le identificará por el color verde-amarillo.",ITC-BT-19
"Según el REBT, la sección mínima del conductor de protección para S ≤ 16 mm² es:",Igual a la sección del conductor de fase (correcta),16 mm²,La mitad de la sección del conductor de fase,"2,5 mm² siempre",0,"ITC-BT-19, punto 2.3 y tabla 2: para S ≤ 16 mm², Sp = S.",ITC-BT-19
"Según el REBT, las instalaciones deben subdividirse con el fin de:",Limitar las consecuencias de un fallo (correcta),Reducir la potencia demandada,Evitar la necesidad de protecciones,Permitir la utilización de conductores más pequeños,0,"ITC-BT-19, punto 2.4: se subdividen para evitar interrupciones innecesarias y limitar fallos.",ITC-BT-19
"Según el REBT, la carga de los conductores debe mantenerse:",Lo más equilibrada posible (correcta),Al máximo valor permitido,Solo en una fase,Asignada a la fase neutra,0,"ITC-BT-19, punto 2.5: se procurará un reparto equilibrado entre fases.",ITC-BT-19
"Según el REBT, ¿qué dispositivos pueden emplearse para separar una instalación de su alimentación?","Cortacircuitos fusibles, seccionadores e interruptores con separación de contactos (correcta)",Solo interruptores automáticos,Solo seccionadores bajo carga,Solo fusibles,0,"ITC-BT-19, punto 2.6: lista de dispositivos admitidos para separación de la alimentación.",ITC-BT-19
"Según el REBT, los dispositivos para conectar y desconectar en carga podrán ser:","Interruptores manuales, fusibles de accionamiento manual o clavijas hasta 16 A (correcta)",Solo interruptores automáticos,Cualquier elemento mecánico,Únicamente clavijas industriales,0,"ITC-BT-19, punto 2.7: lista de dispositivos válidos para conectar y desconectar en carga.",ITC-BT-19
"Según el REBT, los dispositivos situados en el cuadro general deben ser:",De corte omnipolar (correcta),De corte unipolar,De corte solo en fase,De corte solo en neutro,0,"ITC-BT-19, punto 2.7: deben ser de corte omnipolar los dispositivos del cuadro general.",ITC-BT-19
"Según el REBT, las instalaciones deben protegerse contra contactos directos e indirectos aplicando:",Las medidas de la ITC-BT-24 (correcta),Normas UNE únicamente,El criterio del instalador,Interruptores diferenciales,0,"ITC-BT-19, punto 2.8: se deben aplicar las medidas de protección de la ITC-BT-24.",ITC-BT-19
"Según el REBT, la resistencia mínima de aislamiento para instalaciones con tensión nominal ≤ 500 V es:","≥ 0,5 MΩ (correcta)","≥ 0,25 MΩ",≥ 1 MΩ,≥ 2 MΩ,0,"ITC-BT-19, punto 2.9 y tabla 3: para ≤ 500 V, resistencia mínima ≥ 0,5 MΩ.",ITC-BT-19
"Según el REBT, ¿qué debe hacerse cuando la longitud total de la instalación supera los 100 metros para verificar correctamente la resistencia de aislamiento?",Fraccionar la instalación en partes de aproximadamente 100 metros (correcta),Aumentar la tensión de ensayo al doble,Desconectar todos los dispositivos de protección,Realizar la medida únicamente entre fases,0,"ITC-BT-19, punto 2.9: si la instalación excede de 100 metros debe fraccionarse para comprobar que cada tramo cumple la resistencia mínima exigida.",ITC-BT-19
"Según el REBT, la rigidez dieléctrica debe permitir resistir durante 1 minuto una tensión de:","2U + 1000 V, con mínimo 1.500 V (correcta)",1.000 V siempre,500 V siempre,U + 500 V,0,"ITC-BT-19, punto 2.9: Por lo que respecta a la rigidez dieléctrica de una instalación, ha de ser tal, que desconectados los aparatos de utilización (receptores), resista durante 1 minuto una prueba de tensión de 2U + 1000 voltios a frecuencia industrial, siendo U la tensión máxima de servicio expresada en voltios y con un mínimo de 1.500 voltios.",ITC-BT-19
"Según el REBT, las bases de toma de corriente en instalaciones interiores serán del tipo:","C2a, C3a o ESB 25-5a de UNE 20315 (correcta)",Cualquier tipo con toma de tierra,Solo tipo Schuko,Solo industriales IEC-309,0,"ITC-BT-19, punto 2.10: Las bases de toma de corriente utilizadas en las instalaciones interiores o receptoras serán del tipo indicado en las figuras C2a, C3a o ESB 25-5a de la norma UNE 20315",ITC-BT-19
"Según el REBT, las conexiones de conductores deben realizarse:",Con bornes o regletas; nunca por simple retorcimiento (correcta),Por retorcimiento si es temporal,Con cinta aislante únicamente,Por empalme directo sin caja,0,"ITC-BT-19, punto 2.11: prohíbe el retorcimiento y exige bornes o regletas.",ITC-BT-19
"Según el REBT, los conductores de protección deberán estar:",Protegidos contra deterioros mecánicos y químicos (correcta),Instalados siempre sin protección,Pintados de gris,Separados físicamente de la canalización,0,"ITC-BT-19, punto 2.3: se exige protección frente a deterioros mecánicos y químicos.",ITC-BT-19
"Según el REBT, cuando las canalizaciones incluyen conductores en tubos ferromagnéticos:",El conductor de protección debe colocarse en el mismo tubo (correcta),El conductor de protección puede ir por fuera,Debe eliminarse el neutro,Debe aumentarse la sección del neutro,0,"ITC-BT-19, punto 2.3: el conductor de protección debe ir en el mismo tubo o cable.",ITC-BT-19
"Según el REBT, en instalaciones interiores la sección del conductor neutro será:",Como mínimo igual a la de las fases (correcta),Siempre menor que la de fase,El doble de la sección de fase,La mitad que la fase,0,"ITC-BT-19, punto 2.2.2: En instalaciones interiores, para tener en cuenta las corrientes armónicas debidas cargas no lineales y posibles desequilibrios, salvo justificación por cálculo, la sección del conductor neutro será como mínimo igual a la de las fases..",ITC-BT-19
"Según el REBT, varios circuitos pueden alojarse en el mismo tubo siempre que:",Todos los conductores estén aislados para la tensión más elevada presente (correcta),Los conductores de fase sean del mismo color,La intensidad total no supere la del conductor mayor,Exista un conductor neutro común para todos los circuitos,0,"ITC-BT-20, apartado 2.1 Prescripciones generales: pueden coexistir varios circuitos si todos los conductores están aislados para la tensión asignada más elevada.",ITC-BT-20
"Según el REBT, los circuitos de potencia y los circuitos MBTS o MBTP podrán ir en la misma canalización solamente si:",Cada conductor está aislado para la tensión más alta presente (correcta),La canalización dispone de tapa metálica,Los cables cumplen UNE 20315,Se instalan en tubos enterrados,0,"ITC-BT-20, apartado 2.1 Prescripciones generales: no deben instalarse juntos salvo si cada conductor está aislado para la tensión más alta presente o existe separación adecuada.",ITC-BT-20
"Según el REBT, la separación mínima entre canalizaciones eléctricas y conductos no eléctricos debe ser de:",3 cm (correcta),5 cm,10 cm,1 cm,0,"ITC-BT-20, apartado 2.1.1 Disposiciones: debe mantenerse una distancia mínima de 3 cm entre superficies exteriores.",ITC-BT-20
"Según el REBT, las canalizaciones eléctricas no deben situarse por debajo de conductos susceptibles de producir condensaciones salvo que:",Se adopten medidas para protegerlas de dichas condensaciones (correcta),Los cables sean armados,La altura supere 2 metros,La canalización tenga grado IP4X,0,"ITC-BT-20, apartado 2.1.1 Disposiciones: no se colocarán debajo de conductos con condensaciones salvo con protecciones adecuadas.",ITC-BT-20
"Según el REBT, en un mismo canal o hueco podrán ir canalizaciones eléctricas junto a no eléctricas únicamente si:",Se cumplen simultáneamente todas las condiciones de protección contra contactos indirectos y riesgos adicionales (correcta),Los cables eléctricos son todos multipolares,La canalización no eléctrica es de PVC,La distancia entre ambas es superior a 10 cm,0,"ITC-BT-20, apartado 2.1.1 Disposiciones: se admiten ambas canalizaciones solo si se cumplen conjuntamente condiciones a) y b).",ITC-BT-20
"Según el REBT, la identificación de las canalizaciones debe permitir:",Reparaciones y transformaciones siempre que se garantice la correcta identificación de circuitos (correcta),Reconocer únicamente la fase,Localizar exclusivamente el neutro,Eliminar la necesidad de planos,0,"ITC-BT-20, apartado 2.1.3 Identificación: deben permitir reparaciones y transformaciones mediante identificación clara.",ITC-BT-20
"Según el REBT, en conductores aislados bajo tubo protector, la tensión asignada mínima del cable debe ser:",450/750 V (correcta),300/500 V,"0,6/1 kV",125/250 V,0,"ITC-BT-20, apartado 2.2.1: los cables serán de tensión asignada no inferior a 450/750 V.",ITC-BT-20
"Según el REBT, en instalaciones con conductores fijados directamente sobre paredes, la distancia máxima entre puntos de fijación debe ser:","0,40 m (correcta)",1 m,"0,20 m","0,60 m",0,"ITC-BT-20, apartado 2.2.2: la distancia entre dos puntos de fijación sucesivos no excederá de 0,40 m.",ITC-BT-20
"Según el REBT, el radio de curvatura de un cable fijado sobre pared no será inferior a:",10 veces el diámetro exterior del cable (correcta),5 veces el diámetro,El doble del diámetro,20 veces el diámetro exterior,0,"ITC-BT-20, apartado 2.2.2: el radio no será inferior a 10 veces el diámetro exterior.",ITC-BT-20
"Según el REBT, los extremos de los cables instalados sobre paredes deberán ser:",Estancos cuando el local lo exija (correcta),Pintados para su identificación,Soldados en todos los casos,Cubiertos con resina,0,"ITC-BT-20, apartado 2.2.2: los extremos serán estancos cuando las características del local lo exijan.",ITC-BT-20
"Según el REBT, los conductores enterrados deberán ir bajo tubo salvo que:","Tengan cubierta y tensión asignada 0,6/1 kV (correcta)",Sean cables armados,La zanja sea superior a 1 metro,Se utilicen bandejas metálicas,0,"ITC-BT-20, apartado 2.2.3: deben ir bajo tubo salvo que posean cubierta y 0,6/1 kV.",ITC-BT-20
"Según el REBT, los conductores empotrados en estructuras deben tener:",Cubierta y temperatura de servicio hasta 90 ºC (correcta),Cubierta metálica obligatoria,Aislamiento PVC exclusivamente,Protección por bandeja,0,"ITC-BT-20, apartado 2.2.4: deben ser conductores aislados con cubierta, temperatura -5 ºC a 90 ºC.",ITC-BT-20
"Según el REBT, los huecos de construcción utilizados para canalizaciones deben tener una sección mínima:",Cuatro veces la ocupada por los cables o tubos (correcta),Igual a la del conducto mayor,El doble del diámetro del tubo,Tres veces la sección del cable mayor,0,"ITC-BT-20, apartado 2.2.6: sección mínima cuatro veces la ocupación.",ITC-BT-20
"Según el REBT, la dimensión mínima del lado menor del hueco donde se instalan canalizaciones será:","Dos veces el diámetro exterior del cable mayor, con un mínimo de 20 mm (correcta)",10 mm en todos los casos,Depende del fabricante,El mismo diámetro del tubo,0,"ITC-BT-20, apartado 2.2.6 su dimensión más pequeña no será inferior a dos veces el diámetro exterior de mayor sección de éstos, con un mínimo de 20 milímetros.",ITC-BT-20
"Según el REBT, en canales protectoras IP4X se permite:",Realizar empalmes y conexiones a los mecanismos (correcta),Usar conductores desnudos,Instalar varios circuitos MBTS y MT en el mismo compartimento,Colocar tuberías de agua junto a ellas,0,"ITC-BT-20, apartado 2.2.7 (C) Realizar empalmes de conductores en su interior y conexiones a los mecanismos.",ITC-BT-20
"Según el REBT, en molduras la anchura mínima de ranura para cables rígidos ≤ 6 mm² debe ser:",6 mm (correcta),10 mm,3 mm,12 mm,0,"ITC-BT-20, apartado 2.2.8: anchura mínima de 6 mm.",ITC-BT-20
"Según el REBT, las molduras no podrán:",Estar totalmente empotradas ni recubiertas (correcta),Ser colocadas a más de 2 metros,Utilizarse en locales secos,Contener más de un cable por ranura,0,"ITC-BT-20, apartado 2.2.8: no estarán completamente empotradas ni recubiertas.",ITC-BT-20
"Según el REBT, en bandejas solo podrán utilizarse:",Cables con cubierta (correcta),Conductores desnudos,Cables 300/500 V,Tubos flexibles,0,"ITC-BT-20, apartado 2.2.9: únicamente cables con cubierta, incluyendo armados o aislamiento mineral.",ITC-BT-20
"Según el REBT, al atravesar elementos constructivos, no se permite que existan:",Empalmes o derivaciones en toda la longitud del paso (correcta),Tubos metálicos,Cables armados,Cables unipolares,0,"ITC-BT-20, apartado 3: está prohibido realizar empalmes o derivaciones dentro del paso.",ITC-BT-20
"Según el REBT, cuando se atraviesa un techo mediante tubo, éste debe:",Estar obturado y sobresalir por encima del suelo al menos 10 cm (correcta),Ser metálico obligatoriamente,Ser flexible y sin fijación,Contener cables sin aislamiento,0,"ITC-BT-20, apartado 3: los tubos en pasos de techo deben estar obturados y sobresalir 10 cm.",ITC-BT-20
"Según el REBT, los tubos protectores utilizados en instalaciones eléctricas pueden ser:","Metálicos, no metálicos o compuestos (correcta)",Únicamente metálicos galvanizados,Solo tubos no metálicos aislantes,Exclusivamente tubos flexibles,0,"ITC-BT-21, apartado 1.1: los tubos protectores pueden ser metálicos, no metálicos o compuestos.",ITC-BT-21
"Según el REBT, la superficie interior de los tubos protectores debe:","Carecer de aristas, asperezas o fisuras (correcta)",Ser rugosa para mejorar la fijación,Estar lubricada permanentemente,Presentar ranuras longitudinales,0,"ITC-BT-21, apartado 1.1: la superficie interior no debe presentar aristas ni asperezas que dañen los conductores.",ITC-BT-21
"Según el REBT, la denominación de los tubos protectores se realiza en función de:",Su diámetro exterior (correcta),Su diámetro interior,La sección de los conductores,El número de cables alojados,0,"ITC-BT-21, apartado 1.1: la denominación de los tubos se realiza en función del diámetro exterior.",ITC-BT-21
"Según el REBT, en canalizaciones fijas en superficie los tubos deberán ser preferentemente:",Rígidos (correcta),Flexibles,Textiles reforzados,Metálicos corrugados,0,"ITC-BT-21, apartado 1.2.1: en canalizaciones superficiales los tubos deberán ser preferentemente rígidos.",ITC-BT-21
"Según el REBT, cuando se instalan más de cinco conductores en un mismo tubo superficial, la sección interior mínima será:","2,5 veces la sección ocupada por los conductores (correcta)",Igual a la suma de las secciones,El doble de la sección ocupada,Libre sin limitación,0,"ITC-BT-21, apartado 1.2.1: para más de 5 conductores la sección interior será al menos 2,5 veces la ocupada.",ITC-BT-21
"Según el REBT, en canalizaciones empotradas los tubos protectores podrán ser:","Rígidos, curvables o flexibles (correcta)",Solo rígidos,Solo flexibles,Exclusivamente metálicos,0,"ITC-BT-21, apartado 1.2.2: los tubos empotrados pueden ser rígidos, curvables o flexibles.",ITC-BT-21
"Según el REBT, en tubos empotrados con más de cinco conductores, la sección interior mínima será:",Tres veces la sección ocupada (correcta),Dos veces la sección ocupada,Cuatro veces la sección ocupada,La misma sección ocupada,0,"ITC-BT-21, apartado 1.2.2: para más de 5 conductores la sección interior será como mínimo 3 veces la ocupada.",ITC-BT-21
"Según el REBT, las canalizaciones al aire se permiten únicamente para:",Alimentación de máquinas o elementos de movilidad restringida (correcta),Cualquier circuito de alumbrado,Instalaciones interiores de viviendas,Circuitos empotrados,0,"ITC-BT-21, apartado 1.2.3: el uso al aire se limita a máquinas o elementos de movilidad restringida.",ITC-BT-21
"Según el REBT, se recomienda no utilizar canalizaciones al aire para secciones superiores a:",16 mm² (correcta),10 mm²,25 mm²,35 mm²,0,"ITC-BT-21, apartado 1.2.3: se recomienda no utilizar este tipo de instalación para secciones superiores a 16 mm².",ITC-BT-21
"Según el REBT, en canalizaciones enterradas los tubos deberán cumplir la norma:",UNE-EN 50.086-2-4 (correcta),UNE-EN 60.439,UNE-EN 50.085-1,UNE 20.460-5-52,0,"ITC-BT-21, apartado 1.2.4: los tubos enterrados serán conformes a UNE-EN 50.086-2-4.",ITC-BT-21
"Según el REBT, el trazado de las canalizaciones bajo tubo debe realizarse preferentemente siguiendo:",Líneas verticales y horizontales (correcta),Recorridos diagonales,El camino más corto,Trayectorias curvas,0,"ITC-BT-21, apartado 2.1: el trazado se hará siguiendo líneas verticales y horizontales.",ITC-BT-21
"Según el REBT, la distancia máxima entre registros en tramos rectos será de:",15 metros (correcta),10 metros,20 metros,25 metros,0,"ITC-BT-21, apartado 2.1: los registros no estarán separados más de 15 m en tramos rectos.",ITC-BT-21
"Según el REBT, el número máximo de curvas en ángulo entre dos registros consecutivos será:",Tres (correcta),Dos,Cuatro,Cinco,0,"ITC-BT-21, apartado 2.1: no habrá más de 3 curvas en ángulo entre registros consecutivos.",ITC-BT-21
"Según el REBT, los tubos metálicos accesibles deberán:",Ponerse a tierra y asegurar su continuidad eléctrica (correcta),Aislarse con cinta,Pintarse de color verde,Utilizarse como conductor de protección,0,"ITC-BT-21, apartado 2.1: los tubos metálicos accesibles deben ponerse a tierra.",ITC-BT-21
"Según el REBT, la distancia máxima entre fijaciones en tubos en montaje superficial será de:","0,50 metros (correcta)","0,75 metros",1 metro,"1,5 metros",0,"ITC-BT-21, apartado 2.2: la distancia máxima entre fijaciones será de 0,50 m.",ITC-BT-21
"Según el REBT, en tubos empotrados las rozas deberán permitir un recubrimiento mínimo de:",1 cm de espesor (correcta),"0,5 cm de espesor",2 cm de espesor,Sin recubrimiento mínimo,0,"ITC-BT-21, apartado 2.3: los tubos empotrados quedarán recubiertos por una capa mínima de 1 cm.",ITC-BT-21
"Según el REBT, la longitud máxima de una canalización al aire será de:",4 metros (correcta),3 metros,5 metros,6 metros,0,"ITC-BT-21, apartado 2.4: la longitud total al aire no será superior a 4 m.",ITC-BT-21
"Según el REBT, las canales protectoras se definen como perfiles destinados a alojar conductores y:",Cerrados por una tapa desmontable (correcta),Rellenos de material aislante,Sellados permanentemente,Empotrados obligatoriamente,0,"ITC-BT-21, apartado 3.1: la canal protectora se cierra mediante una tapa desmontable.",ITC-BT-21
"Según el REBT, en canales con grado de protección IP4X o superior se permite:",Realizar empalmes y alojar mecanismos en su interior (correcta),Usar conductor desnudo,Eliminar la tapa,Instalar conductores sin aislamiento,0,"ITC-BT-21, apartado 3.1: en canales IP4X se permiten empalmes y mecanismos.",ITC-BT-21
"Según el REBT, las canales con conductividad eléctrica deberán:",Conectarse a la red de tierra (correcta),Usarse como conductor neutro,Aislarse completamente,Pintarse con señalización,0,"ITC-BT-21, apartado 4.1: las canales con conductividad eléctrica deben conectarse a tierra.",ITC-BT-21
"Según el REBT, todo circuito deberá protegerse frente a:",Los efectos de las sobreintensidades previsibles (correcta),Únicamente los cortocircuitos,Solo las sobrecargas permanentes,Exclusivamente las descargas atmosféricas,0,"ITC-BT-22, apartado 1.1: todo circuito estará protegido contra los efectos de las sobreintensidades que puedan presentarse.",ITC-BT-22
"Según el REBT, la interrupción de un circuito para protegerlo frente a sobreintensidades se realizará:",En un tiempo conveniente o mediante un dimensionado adecuado (correcta),Siempre de forma instantánea,Solo mediante fusibles calibrados,Únicamente mediante interruptores diferenciales,0,"ITC-BT-22, apartado 1.1.",ITC-BT-22
"Según el REBT, ¿cuál de las siguientes NO se cita como causa de sobreintensidades?",Sobrecargas,Cortocircuitos,Descargas eléctricas atmosféricas,Sobretensiones permanentes (correcta),3,"ITC-BT-22, apartado 1.1 Las sobreintensidades pueden estar motivadas por, Sobrecargas, Cortocircuitos y Descargas eléctricas atmosféricas",ITC-BT-22
"Según el REBT, las sobrecargas pueden estar motivadas por:",Defectos de aislamiento de gran impedancia (correcta),Defectos de aislamiento de baja impedancia,Falta de puesta a tierra,Sobretensiones transitorias,0,"ITC-BT-22, apartado 1.1 Sobrecargas debidas a los aparatos de utilización o defectos de aislamiento de gran impedancia.",ITC-BT-22
"Según el REBT, en la protección contra sobrecargas debe garantizarse:",La intensidad admisible del conductor (correcta),La tensión máxima del circuito,La potencia nominal del receptor,La corriente diferencial residual,0,"ITC-BT-22, apartado a) Protección contra sobrecargas.",ITC-BT-22
"Según el REBT, el dispositivo de protección contra sobrecargas podrá estar constituido por:",Un interruptor automático omnipolar con curva térmica de corte (correcta),Un interruptor diferencial de alta sensibilidad,Un relé de vigilancia de tensión,Un protector contra sobretensiones,0,"ITC-BT-22, apartado a).",ITC-BT-22
"Según el REBT, también se admiten como protección contra sobrecargas:",Cortacircuitos fusibles calibrados (correcta),Interruptores diferenciales,Relés electrónicos,Contactores de maniobra,0,"ITC-BT-22, apartado a).",ITC-BT-22
"Según el REBT, en el origen de todo circuito debe establecerse protección contra:",Cortocircuitos (correcta),Sobretensiones,Contactos indirectos,Fugas a tierra,0,"ITC-BT-22, apartado b) Protección contra cortocircuitos.",ITC-BT-22
"Según el REBT, la capacidad de corte del dispositivo contra cortocircuitos deberá estar de acuerdo con:",La intensidad de cortocircuito en el punto de conexión (correcta),La potencia instalada,La corriente diferencial asignada,La sección del neutro,0,"ITC-BT-22, apartado b).",ITC-BT-22
"Según el REBT, en circuitos derivados de uno principal se admite que:",Un solo dispositivo general proteja contra cortocircuitos a todos los circuitos derivados (correcta),Cada circuito tenga su propio diferencial,No exista protección contra sobrecargas,La protección sea únicamente por fusibles,0,"ITC-BT-22, apartado b).",ITC-BT-22
"Según el REBT, en los circuitos derivados cada circuito deberá disponer de protección contra:",Sobrecargas (correcta),Cortocircuitos,Sobretensiones,Contactos directos,0,"ITC-BT-22, apartado b).",ITC-BT-22
"Según el REBT, se admiten como dispositivos de protección contra cortocircuitos:",Fusibles calibrados e interruptores automáticos omnipolares (correcta),Interruptores diferenciales,Relés térmicos,Contactores,0,"ITC-BT-22, apartado b).",ITC-BT-22
"Según el REBT, la norma UNE que recoge los aspectos sobre dispositivos de protección es:",UNE-HD 60.364-4-43 (correcta),UNE 21.302,UNE 20.460-5-52,UNE 20.460-6-61,0,"ITC-BT-22, referencia normativa.",ITC-BT-22
"Según el REBT, el apartado 432 de la norma UNE citada trata sobre:",Naturaleza de los dispositivos de protección (correcta),Protección contra contactos indirectos,Coordinación de diferenciales,Limitación de sobretensiones,0,"ITC-BT-22, referencia UNE.",ITC-BT-22
"Según el REBT, el apartado 433 de la UNE 20.460-4-43 trata sobre:",Protección contra las corrientes de sobrecarga (correcta),Protección contra cortocircuitos,Limitación de sobreintensidades,Naturaleza de la alimentación,0,"ITC-BT-22, referencia UNE.",ITC-BT-22
"Según el REBT, el apartado 434 de la UNE 20.460-4-43 se refiere a:",Protección contra las corrientes de cortocircuito (correcta),Protección contra sobrecargas,Limitación por características de alimentación,Coordinación entre protecciones,0,"ITC-BT-22, referencia UNE.",ITC-BT-22
"Según el REBT, el apartado 435 de la UNE-HD 60364-4-43 trata sobre:",Coordinación entre protección contra sobrecargas y cortocircuitos (correcta),Naturaleza de los dispositivos,Protección diferencial,Limitación de tensiones,0,"ITC-BT-22, referencia UNE.",ITC-BT-22
"Según el REBT, el apartado 436 de la UNE 20.460-4-43 se refiere a:",Limitación de las sobreintensidades por las características de alimentación (correcta),Protección contra contactos directos,Protección del conductor de neutro,Coordinación de diferenciales,0,"ITC-BT-22, referencia UNE.",ITC-BT-22
"Según el REBT, en la tabla de aplicación de medidas de protección, la letra P indica:",Que debe preverse un dispositivo de protección sobre el conductor correspondiente (correcta),Protección permanente obligatoria,Protección por puesta a tierra,Protección preferente,0,"ITC-BT-22, apartado 1.2 tabla 1.",ITC-BT-22
"Según el REBT, SN corresponde a:",Sección del conductor de neutro (correcta),Sistema de neutro,Sobrecarga nominal,Sección nominal del circuito,0,"ITC-BT-22, apartado 1.2 tabla 1.",ITC-BT-22
"Según el REBT, esta instrucción trata de la protección de las instalaciones interiores contra:",Las sobretensiones transitorias transmitidas por las redes de distribución (correcta),Las sobretensiones permanentes de origen interno,Las sobreintensidades por sobrecarga,Los contactos directos e indirectos,0,"ITC-BT-23, punto 1: «Esta instrucción trata de la protección de las instalaciones eléctricas interiores contra las sobretensiones transitorias que se transmiten por las redes de distribución…»",ITC-BT-23
"Según el REBT, las sobretensiones tratadas en esta ITC se originan fundamentalmente por:","Descargas atmosféricas, conmutaciones de red y defectos en las mismas (correcta)",Sobrecargas prolongadas,Fugas de corriente a tierra,Defectos de aislamiento de baja impedancia,0,"ITC-BT-23, punto 1: «…que se originan, fundamentalmente, como consecuencia de las descargas atmosféricas, conmutaciones de redes y defectos en las mismas.»",ITC-BT-23
"Según el REBT, el nivel de sobretensión que puede aparecer en la red es función de:","Nivel isoceraúnico, tipo de acometida y proximidad del transformador (correcta)",La potencia instalada,La categoría del diferencial,La sección del conductor de fase,0,"ITC-BT-23, punto 1: «El nivel de sobretensión que puede aparecer en la red es función del: nivel isoceraúnico estimado, tipo de acometida aérea o subterránea, proximidad del transformador de MT/BT…»",ITC-BT-23
"Según el REBT, la incidencia de la sobretensión en la seguridad depende, entre otros factores, de:",La coordinación del aislamiento de los equipos (correcta),La intensidad nominal del circuito,La frecuencia de la red,La longitud de los conductores,0,"ITC-BT-23, punto 1: «La incidencia que la sobretensión puede tener en la seguridad… es función de: – La coordinación del aislamiento de los equipos…»",ITC-BT-23
"Según el REBT, esta instrucción se aplica a líneas de alimentación principal de:",230/400 V en corriente alterna (correcta),400/690 V en corriente continua,1000 V en corriente continua,Muy baja tensión,0,"ITC-BT-23, punto 1: «…cuando la protección contra sobretensiones está prescrita o recomendada en las líneas de alimentación principal 230/400 V en corriente alterna…»",ITC-BT-23
"Según el REBT, las categorías de sobretensiones permiten distinguir:",Los grados de tensión soportada en las distintas partes de la instalación (correcta),Los tipos de puesta a tierra,Los niveles de corriente de cortocircuito,Las potencias máximas admisibles,0,"ITC-BT-23, punto 2.1: «Las categorías de sobretensiones permiten distinguir los diversos grados de tensión soportada a las sobretensiones en cada una de las partes de la instalación, equipos y receptores.»",ITC-BT-23
"Según el REBT, las categorías de sobretensiones indican:",Los valores de tensión soportada a la onda de choque (correcta),La intensidad máxima admisible,La corriente diferencial residual,La resistencia de puesta a tierra,0,"ITC-BT-23, punto 2.1: «Las categorías indican los valores de tensión soportada a la onda de choque de sobretensión que deben de tener los equipos…»",ITC-BT-23
"Según el REBT, la estrategia de protección en cascada integra:","Tres niveles de protección: basta, media y fina (correcta)",Dos niveles de protección,Un único nivel de protección,Protección diferencial y magnetotérmica,0,"ITC-BT-23, punto 2.1: «…una estrategia de protección en cascada que integra tres niveles de protección: basta, media y fina…»",ITC-BT-23
"Según el REBT, la categoría I se aplica a:",Equipos muy sensibles a las sobretensiones (correcta),Equipos de distribución principal,Líneas aéreas de alimentación,Motores de conexión fija,0,"ITC-BT-23, punto 2.2, Categoría I: «Se aplica a los equipos muy sensibles a las sobretensiones…»",ITC-BT-23
"Según el REBT, los equipos destinados a conectarse a una instalación eléctrica fija pertenecen a:",Categoría II (correcta),Categoría I,Categoría III,Categoría IV,0,"ITC-BT-23, punto 2.2, Categoría II: «Se aplica a los equipos destinados a conectarse a una instalación eléctrica fija.»",ITC-BT-23
"Según el REBT, los armarios de distribución y la aparamenta pertenecen a:",Categoría III (correcta),Categoría II,Categoría I,Categoría IV,0,"ITC-BT-23, punto 2.2, Categoría III: «Ejemplo: armarios de distribución, embarrados, aparamenta…»",ITC-BT-23
"Según el REBT, los equipos conectados en el origen o muy próximos al origen de la instalación pertenecen a:",Categoría IV (correcta),Categoría III,Categoría II,Categoría I,0,"ITC-BT-23, punto 2.2, Categoría IV: «Se aplica a los equipos y materiales que se conectan en el origen o muy próximos al origen de la instalación…»",ITC-BT-23
"Según el REBT, la descarga directa del rayo:",No es tratada por esta instrucción (correcta),Es el caso principal tratado,Se considera situación natural,No produce sobretensiones,0,"ITC-BT-23, punto 3: «Las producidas como consecuencia de la descarga directa del rayo. Esta instrucción no trata este caso.»",ITC-BT-23
"Según el REBT, una situación natural se da cuando:",La instalación está alimentada por red subterránea en su totalidad (correcta),Existe una línea aérea con conductores desnudos,Hay alto riesgo de sobretensiones,Se instalan descargadores obligatoriamente,0,"ITC-BT-23, punto 3.1: «…cuando no es preciso la protección… debido a que está alimentada por una red subterránea en su totalidad…»",ITC-BT-23
"Según el REBT, una línea aérea con conductores aislados y pantalla metálica a tierra se considera:",Equivalente a una línea subterránea (correcta),Situación controlada,No permitida,De alto riesgo,0,"ITC-BT-23, punto 3.1: «…se considera equivalente a una línea subterránea.»",ITC-BT-23
"Según el REBT, se considera necesaria protección contra sobretensiones cuando:",La instalación incluye una línea aérea (correcta),La red es completamente subterránea,La potencia es inferior a 10 kW,Existe solo una categoría I,0,"ITC-BT-23, punto 3.2: «Cuando una instalación se alimenta por, o incluye, una línea aérea… se considera necesaria una protección contra sobretensiones…»",ITC-BT-23
"Según el REBT, en redes TT o IT los descargadores se conectarán entre:","Cada conductor, incluido el neutro, y tierra (correcta)",Fase y fase,Neutro y conductor de protección,Solo fases,0,"ITC-BT-23, punto 3.2: «En redes TT o IT, los descargadores se conectarán entre cada uno de los conductores, incluyendo el neutro… y la tierra…»",ITC-BT-23
"Según el REBT, en redes TN-S los descargadores se conectarán entre:",Cada fase y el conductor de protección (correcta),Fase y neutro,Neutro y tierra,Fase y fase,0,"ITC-BT-23, punto 3.2: «En redes TN-S, los descargadores se conectarán entre cada uno de los conductores de fase y el conductor de protección.»",ITC-BT-23
"Según el REBT, los equipos deberán escogerse de forma que su tensión soportada a impulsos:",No sea inferior a la indicada en la tabla 1 (correcta),Sea inferior a la tabla 1,"No supere 1,5 kV",Dependa del diferencial,0,"ITC-BT-23, punto 4: «Los equipos y materiales deben escogerse de manera que su tensión soportada a impulsos no sea inferior a la tensión soportada prescrita en la tabla 1…»",ITC-BT-23
"Según el REBT, los equipos y materiales deben escogerse de manera que:",Su tensión soportada a impulsos no sea inferior a la prescrita en la tabla 1 (correcta),Su tensión nominal sea siempre superior a 400 V,Dispongan obligatoriamente de protección diferencial,Se instalen únicamente en situación controlada,0,"ITC-BT-23, punto 4: «Los equipos y materiales deben escogerse de manera que su tensión soportada a impulsos no sea inferior a la tensión soportada prescrita en la tabla 1, según su categoría.»",ITC-BT-23
"Según el REBT, la ITC-BT-24 describe medidas destinadas a asegurar la protección contra:",Los choques eléctricos en personas y animales domésticos (correcta),Las sobreintensidades y cortocircuitos,Las sobretensiones transitorias,Los incendios por fallo térmico,0,"ITC-BT-24, apartado 1 (Introducción): «La presente instrucción describe las medidas destinadas a asegurar la protección de las personas y animales domésticos contra los choques eléctricos.»",ITC-BT-24
"Según el REBT, la protección contra contactos directos e indirectos a la vez se realiza mediante:",La utilización de muy baja tensión de seguridad (MBTS) (correcta),El uso exclusivo de interruptores automáticos,La conexión equipotencial principal,La puesta a tierra de las masas,0,"ITC-BT-24, apartado 2: «La protección contra los choques eléctricos para contactos directos e indirectos a la vez se realiza mediante la utilización de muy baja tensión de seguridad MBTS.»",ITC-BT-24
"Según el REBT, las pinturas, barnices y lacas:",No se consideran aislamiento suficiente contra contactos directos (correcta),Son equivalentes a un aislamiento principal,Pueden sustituir al aislamiento de las partes activas,Se aceptan como aislamiento reforzado,0,"ITC-BT-24, apartado 3.1: «Las pinturas, barnices, lacas y productos similares no se considera que constituyan un aislamiento suficiente en el marco de la protección contra los contactos directos.»",ITC-BT-24
"Según el REBT, las barreras o envolventes deben poseer como mínimo el grado de protección:",IP XXB (correcta),IP 2X,IP 1X,IP 00,0,"ITC-BT-24, apartado 3.2: «Las partes activas deben estar situadas en el interior de las envolventes o detrás de barreras que posean, como mínimo, el grado de protección IP XXB.»",ITC-BT-24
"Según el REBT, las superficies superiores horizontales fácilmente accesibles deben cumplir como mínimo:",IP4X o IP XXD (correcta),IP2X,IP XXB,IP00,0,"ITC-BT-24, apartado 3.2: «Las superficies superiores de las barreras o envolventes horizontales que son fácilmente accesibles, deben responder como mínimo al grado de protección IP4X o IP XXD.»",ITC-BT-24
"Según el REBT, la protección por medio de obstáculos:",No garantiza una protección completa (correcta),Garantiza protección total contra contactos voluntarios,Es válida para cualquier tipo de local,Sustituye al aislamiento de las partes activas,0,"ITC-BT-24, apartado 3.3: «Esta medida no garantiza una protección completa y su aplicación se limita, en la práctica, a los locales de servicio eléctrico solo accesibles al personal autorizado.»",ITC-BT-24
"Según el REBT, la protección por puesta fuera de alcance por alejamiento se limita a:",Locales de servicio eléctrico accesibles solo a personal autorizado (correcta),Locales de pública concurrencia,Viviendas,Locales húmedos,0,"ITC-BT-24, apartado 3.4: «Esta medida no garantiza una protección completa y su aplicación se limita, en la práctica a los locales de servicio eléctrico solo accesibles al personal autorizado.»",ITC-BT-24
"Según el REBT, la altura que limita el volumen de accesibilidad es de:","2,5 m (correcta)","2,0 m","3,0 m","1,8 m",0,"ITC-BT-24, apartado 3.4: «Por convenio, este volumen está limitado conforme a la figura 1, entendiendo que la altura que limita el volumen es 2,5 m.»",ITC-BT-24
"Según el REBT, los dispositivos diferenciales como protección complementaria deben tener una corriente diferencial asignada:",Igual o inferior a 30 mA (correcta),Inferior a 300 mA,Superior a 30 mA,Exactamente de 100 mA,0,"ITC-BT-24, apartado 3.5: «El empleo de dispositivos de corriente diferencial-residual, cuyo valor de corriente diferencial asignada de funcionamiento sea inferior o igual a 30 mA, se reconoce como medida de protección complementaria.»",ITC-BT-24
"Según el REBT, el uso de dispositivos diferenciales no constituye por sí solo una protección completa porque:",Debe combinarse con otras medidas de protección (correcta),No actúa ante fallos a tierra,No interrumpe el circuito,No protege contra contactos indirectos,0,"ITC-BT-24, apartado 3.5: «La utilización de tales dispositivos no constituye por sí mismo una medida de protección completa y requiere el empleo de una de las medidas de protección enunciadas en los apartados 3.1 a 3.4.»",ITC-BT-24
"Según el REBT, la tensión límite convencional en corriente alterna es de:",50 V (correcta),24 V,120 V,230 V,0,"ITC-BT-24, apartado 4.1: «La tensión límite convencional es igual a 50 V, valor eficaz en corriente alterna, en condiciones normales.»",ITC-BT-24
"Según el REBT, en esquemas TN debe cumplirse la condición:",Zs × Ia ≤ U0 (correcta),RA × Ia ≤ U,RA × Id ≤ UL,2 × Zs × Ia ≤ U,0,"ITC-BT-24, apartado 4.1.1: «Las características de los dispositivos de protección (...) se eligen de manera que se cumpla la condición siguiente: Zs x Ia ≤ U0.»",ITC-BT-24
"Según el REBT, en esquemas TN-C:",No pueden utilizarse dispositivos diferenciales (correcta),Es obligatorio el uso de diferenciales,Debe separarse el neutro y el conductor de protección aguas abajo,Se exige protección por MBTS,0,"ITC-BT-24, apartado 4.1.1: «Cuando el conductor neutro y el conductor de protección sean comunes (esquemas TN-C), no podrá utilizarse dispositivos de protección de corriente diferencial-residual.»",ITC-BT-24
"Según el REBT, en esquemas TT debe cumplirse la condición:",RA × Ia ≤ U (correcta),Zs × Ia ≤ U0,2 × Zs × Ia ≤ U,RA × Id ≤ UL,0,"ITC-BT-24, apartado 4.1.2: «Se cumplirá la siguiente condición: RA x Ia ≤ U.»",ITC-BT-24
"Según el REBT, en esquemas IT con un primer defecto:",No es imperativo el corte automático (correcta),Debe producirse el corte inmediato,Debe actuar un interruptor automático,Debe disparar un fusible,0,"ITC-BT-24, apartado 4.1.3: «En caso de que exista un sólo defecto a masa o a tierra, la corriente de fallo es de poca intensidad y no es imperativo el corte.»",ITC-BT-24
"Según el REBT, en esquemas IT ningún conductor activo debe:",Conectarse directamente a tierra (correcta),Tener aislamiento reforzado,Disponer de protección diferencial,Estar protegido por fusible,0,"ITC-BT-24, apartado 4.1.3: «Ningún conductor activo debe conectarse directamente a tierra en la instalación.»",ITC-BT-24
"Según el REBT, la protección por equipos de clase II se basa en:",Aislamiento doble o reforzado (correcta),Conexión equipotencial,Separación eléctrica,Corte automático,0,"ITC-BT-24, apartado 4.2: «Utilización de equipos con un aislamiento doble o reforzado (clase II).»",ITC-BT-24
"Según el REBT, en locales no conductores no debe existir:",Conductor de protección (correcta),Aislamiento principal,Separación eléctrica,Equipos de clase II,0,"ITC-BT-24, apartado 4.3: «En estos locales (o emplazamientos), no debe estar previsto ningún conductor de protección.»",ITC-BT-24
"Según el REBT, la resistencia mínima de paredes y suelos aislantes con tensión ≤ 500 V es de:",50 kΩ (correcta),100 kΩ,10 kΩ,1 MΩ,0,"ITC-BT-24, apartado 4.3: «Las paredes y suelos aislantes deben presentar una resistencia no inferior a 50 kΩ, si la tensión nominal de la instalación no es superior a 500 V.»",ITC-BT-24
"Según el REBT, en la protección por separación eléctrica con varios receptores:",Las masas deben conectarse entre sí mediante conductores equipotenciales no conectados a tierra (correcta),Las masas deben conectarse a tierra,Debe utilizarse un esquema TT,Debe emplearse MBTS,0,"ITC-BT-24, apartado 4.5: «Las masas del circuito separado deben conectarse entre sí mediante conductores de equipotencialidad aislados, no conectados a tierra.»",ITC-BT-24
"Según el REBT, el grado de electrificación básico se plantea como:",El sistema mínimo de la instalación interior de las viviendas en edificios nuevos (correcta),Un sistema opcional para viviendas existentes,Un sistema exclusivo para electrificación elevada,Un sistema aplicable solo a viviendas unifamiliares,0,"ITC-BT-25, apartado 1: ""El grado de electrificación básico se plantea como el sistema mínimo, a los efectos de uso, de la instalación interior de las viviendas en edificios nuevos"".",ITC-BT-25
"Según el REBT, el objeto del grado de electrificación básico es:",Permitir la utilización de los aparatos electrodomésticos de uso básico sin necesidad de obras posteriores (correcta),Garantizar el uso de sistemas de climatización,Permitir la recarga de vehículos eléctricos,Cubrir únicamente las necesidades de iluminación,0,"ITC-BT-25, apartado 1: ""Su objeto es permitir la utilización de los aparatos electrodomésticos de uso básico sin necesidad de obras posteriores de adecuación"".",ITC-BT-25
"Según el REBT, la capacidad de la instalación interior debe corresponderse como mínimo a:",La intensidad asignada del interruptor general automático (correcta),La potencia contratada,La sección de los conductores,El número de circuitos instalados,0,"ITC-BT-25, apartado 1: ""La capacidad de instalación se corresponderá como mínimo al valor de la intensidad asignada determinada para el interruptor general automático"".",ITC-BT-25
"Según el REBT, el interruptor general automático debe ser:",De corte omnipolar con accionamiento manual (correcta),Un interruptor diferencial de alta sensibilidad,El mismo que el interruptor de control de potencia,De corte unipolar,0,"ITC-BT-25, apartado 2.1: ""Un interruptor general automático de corte omnipolar con accionamiento manual"".",ITC-BT-25
"Según el REBT, la intensidad nominal mínima del interruptor general automático será de:",25 A (correcta),16 A,20 A,30 A,0,"ITC-BT-25, apartado 2.1: ""de intensidad nominal mínima de 25 A"".",ITC-BT-25
"Según el REBT, el interruptor general automático:",Es independiente del interruptor para el control de potencia (correcta),Puede ser sustituido por el ICP,Debe integrarse en el contador,Es opcional en viviendas,0,"ITC-BT-25, apartado 2.1: ""El interruptor general es independiente del interruptor para el control de potencia (ICP) y no puede ser sustituido por éste"".",ITC-BT-25
"Según el REBT, los interruptores diferenciales deben garantizar:",La protección contra contactos indirectos de todos los circuitos (correcta),La protección contra sobrecargas,La protección contra sobretensiones,La protección contra contactos directos exclusivamente,0,"ITC-BT-25, apartado 2.1: ""Uno o varios interruptores diferenciales que garanticen la protección contra contactos indirectos de todos los circuitos"".",ITC-BT-25
"Según el REBT, la intensidad diferencial-residual máxima de los diferenciales será de:",30 mA (correcta),100 mA,300 mA,10 mA,0,"ITC-BT-25, apartado 2.1: ""con una intensidad diferencial-residual máxima de 30 mA"".",ITC-BT-25
"Según el REBT, el circuito C1 está destinado a:",Alimentar los puntos de iluminación (correcta),Tomas de corriente de uso general,Cocina y horno,Lavadora y lavavajillas,0,"ITC-BT-25, apartado 2.3.1: ""C1 circuito de distribución interna, destinado a alimentar los puntos de iluminación"".",ITC-BT-25
"Según el REBT, el circuito C2 está destinado a:",Tomas de corriente de uso general y frigorífico (correcta),Cocina y horno,Calefacción eléctrica,Secadora independiente,0,"ITC-BT-25, apartado 2.3.1: ""C2 circuito de distribución interna, destinado a tomas de corriente de uso general y frigorífico"".",ITC-BT-25
"Según el REBT, el circuito C3 está destinado a:",Alimentar la cocina y horno (correcta),Alimentar puntos de luz,Alimentar tomas del baño,Alimentar climatización,0,"ITC-BT-25, apartado 2.3.1: ""C3 circuito de distribución interna, destinado a alimentar la cocina y horno"".",ITC-BT-25
"Según el REBT, el circuito C4 está destinado a:","Lavadora, lavavajillas y termo eléctrico (correcta)",Cocina y horno,Tomas de uso general,Calefacción eléctrica,0,"ITC-BT-25, apartado 2.3.1: ""C4 circuito de distribución interna, destinado a alimentar la lavadora, lavavajillas y termo eléctrico"".",ITC-BT-25
"Según el REBT, el circuito C5 está destinado a:",Tomas de corriente de los cuartos de baño y bases auxiliares de cocina (correcta),Puntos de iluminación,Climatización,Secadora,0,"ITC-BT-25, apartado 2.3.1: ""C5 circuito de distribución interna, destinado a alimentar tomas de corriente de los cuartos de baño, así como las bases auxiliares del cuarto de cocina"".",ITC-BT-25
"Según el REBT, la electrificación elevada se aplica cuando:",La superficie útil de la vivienda es superior a 160 m2 (correcta),La vivienda tiene una sola planta,"La potencia contratada es inferior a 5,75 kW",No existe previsión de nuevos receptores,0,"ITC-BT-25, apartado 2.3.2: ""o con superficies útiles de las viviendas superiores a 160 m2"".",ITC-BT-25
"Según el REBT, el circuito C8 corresponde a:",Calefacción eléctrica (correcta),Aire acondicionado,Secadora,Automatización,0,"ITC-BT-25, apartado 2.3.2: ""C8 Circuito de distribución interna, destinado a la instalación de calefacción eléctrica"".",ITC-BT-25
"Según el REBT, el circuito C9 corresponde a:",Aire acondicionado (correcta),Calefacción eléctrica,Secadora,Cocina y horno,0,"ITC-BT-25, apartado 2.3.2: ""C9 Circuito de distribución interna, destinado a la instalación aire acondicionado"".",ITC-BT-25
"Según el REBT, el circuito C10 corresponde a:",Secadora independiente (correcta),Lavadora,Frigorífico,Iluminación,0,"ITC-BT-25, apartado 2.3.2: ""C10 Circuito de distribución interna, destinado a la instalación de una secadora independiente"".",ITC-BT-25
"Según el REBT, el circuito C13 está destinado a:",Infraestructura de recarga de vehículos eléctricos (correcta),Automatización de la vivienda,Calefacción eléctrica,Climatización,0,"ITC-BT-25, apartado 2.3.2: ""C13 Circuito adicional para la infraestructura de recarga de vehículos eléctricos"".",ITC-BT-25
"Según el REBT, la caída de tensión máxima en la instalación interior será de:",3 % (correcta),5 %,2 %,1 %,0,"ITC-BT-25, apartado 3: ""la caída de tensión sea como máximo el 3 %"".",ITC-BT-25
"Según el REBT, la intensidad prevista de cada circuito se calculará mediante la fórmula:",I = n × Ia × Fs × Fu (correcta),I = P / U,I = √3 × U × cosφ,I = Z × U,0,"ITC-BT-25, apartado 3: ""El valor de la intensidad de corriente prevista en cada circuito se calculará de acuerdo con la fórmula: I = n × Ia × Fs × Fu"".",ITC-BT-25
"Según el REBT, las prescripciones de la ITC-BT-26 son aplicables a:",Las instalaciones interiores de las viviendas (correcta),Solo a edificios industriales,Únicamente a locales de pública concurrencia,Exclusivamente a instalaciones provisionales,0,"ITC-BT-26, apartado 1: «aplicables a las instalaciones interiores de las viviendas».",ITC-BT-26
"Según el REBT, las instalaciones de las viviendas se consideran alimentadas por una red:",De esquema TT (correcta),De esquema TN-C,De esquema IT,De esquema TN-S,0,"ITC-BT-26, apartado 2: «alimentadas por una red de distribución pública de baja tensión según el esquema de distribución “TT”».",ITC-BT-26
"Según el REBT, la tensión de alimentación monofásica en viviendas es de:",230 V (correcta),400 V,120 V,127 V,0,"ITC-BT-26, apartado 2: «a una tensión de 230 V en alimentación monofásica».",ITC-BT-26
"Según el REBT, en toda nueva edificación se establecerá:",Una toma de tierra de protección (correcta),Una red equipotencial secundaria,Un sistema IT,Un electrodo independiente por vivienda,0,"ITC-BT-26, apartado 3.1: «En toda nueva edificación se establecerá una toma de tierra de protección».",ITC-BT-26
"Según el REBT, el conductor en anillo de la toma de tierra se instalará:",En el fondo de las zanjas de cimentación (correcta),En los falsos techos,En canalizaciones vistas,En el interior de las viviendas,0,"ITC-BT-26, apartado 3.1: «Instalando en el fondo de las zanjas de cimentación de los edificios».",ITC-BT-26
"Según el REBT, las conexiones del conductor de tierra se realizarán mediante:",Soldadura aluminotérmica o autógena (correcta),Bornes enchufables,Conectores rápidos,Empalmes mecánicos simples,0,"ITC-BT-26, apartado 3.1: «Estas conexiones se establecerán… mediante soldadura aluminotérmica o autógena».",ITC-BT-26
"Según el REBT, a la toma de tierra se conectarán:",Las masas metálicas accesibles de los aparatos (correcta),Solo los conductores de fase,Únicamente los cuadros eléctricos,Solo las carcasas aislantes,0,"ITC-BT-26, apartado 3.2: «las masas metálicas accesibles de los aparatos receptores».",ITC-BT-26
"Según el REBT, deberán conectarse a tierra las partes metálicas de:",Las instalaciones de agua y gas (correcta),Solo las instalaciones eléctricas,Únicamente las antenas,Exclusivamente los depósitos,0,"ITC-BT-26, apartado 3.2: «las instalaciones de agua, de las instalaciones de gas canalizado».",ITC-BT-26
"Según el REBT, uno de los puntos de puesta a tierra se situará:",En la caja general de protección (correcta),Dentro de cada vivienda,En el último circuito,En los puntos de luz,0,"ITC-BT-26, apartado 3.3.d): «En el punto de ubicación de la caja general de protección».",ITC-BT-26
"Según el REBT, las líneas principales de tierra se establecerán:",En las mismas canalizaciones que las líneas generales de alimentación (correcta),En canalizaciones independientes,Por el interior de las viviendas,En bandejas metálicas vistas,0,"ITC-BT-26, apartado 3.4: «se establecerán en las mismas canalizaciones que las de las líneas generales de alimentación».",ITC-BT-26
"Según el REBT, la sección mínima de la línea principal de tierra será de:",16 mm² (correcta),10 mm²,6 mm²,25 mm²,0,"ITC-BT-26, apartado 3.4: «con un mínimo de 16 milímetros cuadrados».",ITC-BT-26
"Según el REBT, no podrán utilizarse como conductores de tierra:",Las tuberías de agua y gas (correcta),Los conductores de cobre,Las pletinas de tierra,Los conductores desnudos,0,"ITC-BT-26, apartado 3.4: «No podrán utilizarse como conductores de tierra las tuberías de agua, gas».",ITC-BT-26
"Según el REBT, los conductores de protección se instalarán:",Acompañando a los conductores activos (correcta),Por canalizaciones independientes,Solo en circuitos especiales,Únicamente hasta el cuadro,0,"ITC-BT-26, apartado 3.5: «Se instalarán conductores de protección acompañando a los conductores activos».",ITC-BT-26
"Según el REBT, la protección contra contactos indirectos se realizará mediante:",Puesta a tierra de las masas y dispositivos de protección (correcta),Solo interruptores automáticos,Únicamente diferenciales selectivos,Aislamiento reforzado,0,"ITC-BT-26, apartado 4: «mediante la puesta a tierra de las masas y empleo de los dispositivos descritos».",ITC-BT-26
"Según el REBT, el cuadro general de distribución se ajustará a:",La ITC-BT-17 (correcta),La ITC-BT-18,La ITC-BT-25,La ITC-BT-23,0,"ITC-BT-26, apartado 5: «El cuadro general de distribución estará de acuerdo con lo indicado en la ITC-BT-17».",ITC-BT-26
"Según el REBT, el cuadro general llevará una placa con:",Nombre del instalador y fecha (correcta),Solo el número de circuitos,El esquema unifilar,El código de la vivienda,0,"ITC-BT-26, apartado 5: «una placa… en la que conste su nombre o marca comercial, fecha».",ITC-BT-26
"Según el REBT, los conductores activos serán de:",Cobre (correcta),Aluminio,Aleación,Material sintético,0,"ITC-BT-26, apartado 6.1.1: «Los conductores activos serán de cobre».",ITC-BT-26
"Según el REBT, el conductor neutro se identificará por el color:",Azul claro (correcta),Verde,Amarillo,Negro,0,"ITC-BT-26, apartado 6.2: «se identificarán éstos por el color azul claro».",ITC-BT-26
"Según el REBT, el conductor de protección se identificará por el color:",Amarillo-verde (correcta),Azul,Negro,Gris,0,"ITC-BT-26, apartado 6.2: «Al conductor de protección se le identificará por el doble color amarillo-verde».",ITC-BT-26
"Según el REBT, no se utilizará un mismo conductor neutro para:",Varios circuitos (correcta),Un mismo circuito,Circuitos trifásicos,Circuitos de iluminación,0,"ITC-BT-26, apartado 7.2: «No se utilizará un mismo conductor neutro para varios circuitos».",ITC-BT-26
"Según el REBT, las prescripciones de la ITC-BT-27 son aplicables a:",Instalaciones interiores de viviendas que contengan bañera o ducha (correcta),Únicamente a locales industriales,Exclusivamente a locales de pública concurrencia,Solo a instalaciones exteriores,0,"ITC-BT-27, apartado 1. Campo de aplicación: «Las prescripciones objeto de esta Instrucción son aplicables a las instalaciones interiores de viviendas [...] que contengan una bañera o una ducha».",ITC-BT-27
"Según el REBT, para duchas de emergencia en zonas industriales:",Son de aplicación las reglas generales (correcta),"Se aplican los volúmenes 0, 1, 2 y 3",Es obligatoria la MBTS,Se exige IPX7,0,"ITC-BT-27, apartado 1: «Para duchas de emergencia en zonas industriales, son de aplicación las reglas generales».",ITC-BT-27
"Según el REBT, para la ejecución de las instalaciones en locales con bañera o ducha se tendrán en cuenta:","Cuatro volúmenes: 0, 1, 2 y 3 (correcta)","Tres volúmenes: 0, 1 y 2",Dos volúmenes: 0 y 1,Únicamente el volumen 0,0,"ITC-BT-27, apartado 2.1: «se tendrán en cuenta los cuatro volúmenes 0, 1, 2 y 3».",ITC-BT-27
"Según el REBT, los falsos techos y mamparas:",No se consideran barreras a efectos de separación de volúmenes (correcta),Se consideran barreras aislantes,Definen nuevos volúmenes,Reducen el volumen 1,0,"ITC-BT-27, apartado 2.1: «Los falsos techos y las mamparas no se consideran barreras a los efectos de la separación de volúmenes».",ITC-BT-27
"Según el REBT, el volumen 0 comprende:",El interior de la bañera o ducha (correcta),"Hasta 0,6 m alrededor de la ducha","Hasta 2,25 m de altura",El espacio bajo la bañera,0,"ITC-BT-27, apartado 2.1.1: «Comprende el interior de la bañera o ducha».",ITC-BT-27
"Según el REBT, en una ducha sin plato el volumen 0 está delimitado hasta:","0,05 m por encima del suelo (correcta)","0,60 m por encima del suelo","1,20 m por encima del suelo","2,25 m por encima del suelo",0,"ITC-BT-27, apartado 2.1.1: «el volumen 0 está delimitado por el suelo y por un plano horizontal situado a 0,05 m por encima del suelo».",ITC-BT-27
"Según el REBT, cuando el difusor de la ducha es fijo, el volumen 0 queda limitado por un radio de:","0,6 m alrededor del difusor (correcta)","1,2 m alrededor del difusor","2,4 m alrededor del difusor","0,3 m alrededor del difusor",0,"ITC-BT-27, apartado 2.1.1.b: «situado a un radio de 0,6 m alrededor del difusor».",ITC-BT-27
"Según el REBT, el volumen 1 está limitado en altura hasta:","2,25 m por encima del suelo (correcta)","2,00 m por encima del suelo","3,00 m por encima del suelo","1,80 m por encima del suelo",0,"ITC-BT-27, apartado 2.1.2.a: «plano horizontal situado a 2,25 m por encima del suelo».",ITC-BT-27
"Según el REBT, el volumen 2 se extiende horizontalmente desde el volumen 1 una distancia de:","0,6 m (correcta)","1,2 m","2,4 m","0,3 m",0,"ITC-BT-27, apartado 2.1.3.a: «plano vertical paralelo situado a una distancia de 0,6 m».",ITC-BT-27
"Según el REBT, el volumen 3 se extiende desde el volumen 2 una distancia de:","2,4 m (correcta)","0,6 m","1,2 m","3,0 m",0,"ITC-BT-27, apartado 2.1.4.a: «plano vertical paralelo situado a una distancia de éste de 2,4 m».",ITC-BT-27
"Según el REBT, el volumen 3 puede incluir el espacio bajo la bañera si:",Es accesible solo mediante herramienta y tiene IPX4 mínimo (correcta),Tiene ventilación natural,"Está a menos de 2,25 m",Está protegido por diferencial,0,"ITC-BT-27, apartado 2.1.4: «accesible sólo mediante el uso de una herramienta siempre que el cierre [...] garantice una protección como mínimo IP X4».",ITC-BT-27
"Según el REBT, cuando se utiliza MBTS la protección contra contactos directos se realiza mediante:",Barreras IP2X o aislamiento ensayado a 500 V (correcta),Interruptores automáticos,Fusibles calibrados,Transformadores de separación,0,"ITC-BT-27, apartado 2.2: «barreras o envolventes con un grado de protección mínimo IP2X [...] o aislamiento capaz de soportar una tensión de ensayo de 500 V».",ITC-BT-27
"Según el REBT, debe realizarse una conexión equipotencial local suplementaria en los volúmenes:","1, 2 y 3 (correcta)",Solo en el volumen 0,Solo en el volumen 3,Únicamente en el volumen 2,0,"ITC-BT-27, apartado 2.2: «en los volúmenes 1, 2 y 3».",ITC-BT-27
"Según el REBT, las canalizaciones metálicas de agua y gas deben:",Conectarse a la equipotencial local (correcta),Aislarse con PVC,Situarse fuera del volumen 3,Tener IPX7,0,"ITC-BT-27, apartado 2.2: «Canalizaciones metálicas de los servicios de suministro y desagües (por ejemplo agua, gas)».",ITC-BT-27
"Según el REBT, las bañeras metálicas pueden considerarse aisladas si la resistencia es como mínimo:",100 kΩ (correcta),50 kΩ,1 MΩ,10 kΩ,0,"ITC-BT-27, apartado 2.2: «si la resistencia de aislamiento [...] es de cómo mínimo 100 kΩ».",ITC-BT-27
"Según el REBT, todo equipo eléctrico incorporado en bañeras de hidromasaje debe cumplir:",UNE-EN 60.335-2-60 (correcta),UNE 20.460-4-41,UNE 20315,UNE 20460-6-61,0,"ITC-BT-27, apartado 3: «deberán cumplir los requisitos de la norma UNE-EN 60.335-2-60».",ITC-BT-27
"Según el REBT, el grado de protección mínimo exigido en cajas de conexión bajo bañeras es:",IPX5 (correcta),IPX4,IP2X,IPX7,0,"ITC-BT-27, apartado 3: «un grado de protección mínimo IPX5».",ITC-BT-27
"Según el REBT, para abrir las cajas de conexión en estos volúmenes:",Es necesario el uso de una herramienta (correcta),Debe hacerse sin tensión,Se requiere diferencial,Debe ser accesible manualmente,0,"ITC-BT-27, apartado 3: «Para su apertura será necesario el uso de una herramienta».",ITC-BT-27
"Según el REBT, no se admiten empalmes en los volúmenes salvo que:",Se realicen con cajas que cumplan IPX5 (correcta),Se protejan con diferencial,Estén fuera del volumen 1,Sean empalmes soldados,0,"ITC-BT-27, apartado 3: «No se admiten empalmes [...] salvo si estos se realizan con cajas que cumplan el requisito anterior».",ITC-BT-27
"Según el REBT, ¿qué grado de protección mínimo debe garantizar el cierre del volumen debajo de la bañera accesible solo con herramienta?",IP X1,IP X4 (correcta),IP 2X,IP 44,1,"ITC-BT-27, apartado 2.1.4: Requisito para el espacio bajo la bañera en volumen 3. «siempre que el cierre de dicho volumen garantice una protección como mínimo IP X4.»",ITC-BT-27
"Según el REBT, la ITC-BT-28 se aplica a:",Locales de pública concurrencia (correcta),Únicamente a viviendas,Exclusivamente a locales industriales,Solo a locales administrativos,0,"ITC-BT-28, apartado 1: «La presente instrucción se aplica a locales de pública concurrencia».",ITC-BT-28
"Según el REBT, la ocupación prevista de los locales se calculará como:","1 persona por cada 0,8 m2 de superficie útil (correcta)",1 persona por cada 1 m2,"1 persona por cada 0,5 m2",1 persona por cada 2 m2,0,"ITC-BT-28, apartado 1: «La ocupación prevista de los locales se calculará como 1 persona por cada 0,8 m2 de superficie útil».",ITC-BT-28
"Según el REBT, esta instrucción tiene por objeto:",Garantizar la correcta instalación y funcionamiento de los servicios de seguridad (correcta),Regular únicamente el alumbrado normal,Definir la potencia máxima instalada,Establecer criterios de eficiencia energética,0,"ITC-BT-28, apartado 1: «Esta instrucción tiene por objeto garantizar la correcta instalación y funcionamiento de los servicios de seguridad».",ITC-BT-28
"Según el REBT, la alimentación de los servicios de seguridad puede ser:",Automática o no automática (correcta),Solo automática,Solo manual,Exclusivamente autónoma,0,"ITC-BT-28, apartado 2: «La alimentación para los servicios de seguridad […] puede ser automática o no automática».",ITC-BT-28
"Según el REBT, una alimentación automática sin corte es aquella que:",Puede estar asegurada de forma continua durante el periodo de transición (correcta),"Está disponible en 0,5 segundos",Está disponible en 15 segundos,Está disponible en más de 15 segundos,0,"ITC-BT-28, apartado 2: «Sin corte: alimentación automática que puede estar asegurada de forma continua […] durante el periodo de transición».",ITC-BT-28
"Según el REBT, una alimentación automática con corte muy breve debe estar disponible en:","0,15 segundos como máximo (correcta)","0,5 segundos como máximo",15 segundos como máximo,Más de 15 segundos,0,"ITC-BT-28, apartado 2: «Con corte muy breve: alimentación automática disponible en 0,15 segundos como máximo».",ITC-BT-28
"Según el REBT, en el esquema IT debe preverse:",Un controlador permanente de aislamiento (correcta),Un interruptor diferencial de 30 mA,Un transformador de separación,Un fusible calibrado,0,"ITC-BT-28, apartado 2.1: «En el esquema IT debe preverse un controlador permanente de aislamiento».",ITC-BT-28
"Según el REBT, las fuentes de alimentación para servicios de seguridad pueden ser:","Baterías, generadores independientes o derivaciones separadas (correcta)",Únicamente baterías,Solo grupos electrógenos,Exclusivamente la red pública,0,"ITC-BT-28, apartado 2.1: «Se pueden utilizar las siguientes fuentes de alimentación: baterías de acumuladores, generadores independientes, derivaciones separadas de la red de distribución».",ITC-BT-28
"Según el REBT, una fuente propia de energía se pondrá en funcionamiento cuando:",La tensión descienda por debajo del 70% de su valor nominal (correcta),La tensión alcance el 90% del valor nominal,Exista sobrecarga,Se produzca un cortocircuito,0,"ITC-BT-28, apartado 2.2: «cuando aquella tensión descienda por debajo del 70% de su valor nominal».",ITC-BT-28
"Según el REBT, todos los locales de pública concurrencia deberán disponer de:",Alumbrado de emergencia (correcta),Alumbrado de reemplazamiento,Suministro de reserva,Suministro de socorro,0,"ITC-BT-28, apartado 2.3: «Todos los locales de pública concurrencia deberán disponer de alumbrado de emergencia».",ITC-BT-28
"Según el REBT, el alumbrado de emergencia tiene por objeto:",Asegurar la iluminación para una eventual evacuación (correcta),Sustituir al alumbrado normal,Aumentar la iluminancia habitual,Iluminar únicamente los accesos exteriores,0,"ITC-BT-28, apartado 3: «asegurar, en caso de fallo […] la iluminación […] para una eventual evacuación del público».",ITC-BT-28
"Según el REBT, la alimentación del alumbrado de emergencia será:",Automática con corte breve (correcta),Manual,Automática sin corte,No automática,0,"ITC-BT-28, apartado 3: «La alimentación del alumbrado de emergencia será automática con corte breve».",ITC-BT-28
"Según el REBT, el alumbrado de evacuación debe proporcionar una iluminancia mínima de:",1 lux a nivel del suelo (correcta),"0,5 lux",5 lux,15 lux,0,"ITC-BT-28, apartado 3.1.1: «una iluminancia horizontal mínima de 1 lux».",ITC-BT-28
"Según el REBT, en los cuadros de distribución del alumbrado la iluminancia mínima será de:",5 lux (correcta),1 lux,"0,5 lux",15 lux,0,"ITC-BT-28, apartado 3.1.1: «en los cuadros de distribución del alumbrado, la iluminancia mínima será de 5 lux».",ITC-BT-28
"Según el REBT, el alumbrado de evacuación deberá funcionar como mínimo durante:",Una hora (correcta),30 minutos,Dos horas,El tiempo que dure la evacuación,0,"ITC-BT-28, apartado 3.1.1: «como mínimo durante una hora».",ITC-BT-28
"Según el REBT, el alumbrado ambiente o anti-pánico debe proporcionar una iluminancia mínima de:","0,5 lux (correcta)",1 lux,5 lux,15 lux,0,"ITC-BT-28, apartado 3.1.2: «una iluminancia horizontal mínima de 0,5 lux».",ITC-BT-28
"Según el REBT, el alumbrado de zonas de alto riesgo debe proporcionar una iluminancia mínima de:",15 lux o el 10% de la iluminancia normal (correcta),5 lux,1 lux,"0,5 lux",0,"ITC-BT-28, apartado 3.1.3: «una iluminancia mínima de 15 lux o el 10% de la iluminancia normal».",ITC-BT-28
"Según el REBT, es obligatorio situar alumbrado de seguridad en recintos con una ocupación mayor de:",100 personas (correcta),50 personas,300 personas,1.000 personas,0,"ITC-BT-28, apartado 3.3.1.a: «en todos los recintos cuya ocupación sea mayor de 100 personas».",ITC-BT-28
"Según el REBT, cerca significa una distancia inferior a:",2 metros (correcta),1 metro,3 metros,5 metros,0,"ITC-BT-28, apartado 3.3.1, nota (1): «Cerca significa a una distancia inferior a 2 metros».",ITC-BT-28
"Según el REBT, los aparatos autónomos para alumbrado de emergencia deben cumplir la norma:",UNE-EN 60.598-2-22 (correcta),UNE 20.460-4-41,UNE 21.123,UNE-EN 50.200,0,"ITC-BT-28, apartado 3.4.1: «deberán cumplir las normas UNE-EN 60.598-2-22».",ITC-BT-28
